{"count":1,"self":3367.4622976,"total":12289.7605534,"children":{"InitializeActuators":{"count":1,"self":0.0019947,"total":0.0019947,"children":null},"InitializeSensors":{"count":1,"self":0.0049886,"total":0.0049886,"children":null},"AgentSendState":{"count":3353684,"self":18.5606288,"total":1414.9754309999998,"children":{"CollectObservations":{"count":670737,"self":1.1184380999999999,"total":1.1184380999999999,"children":null},"WriteActionMask":{"count":670737,"self":1.4979448,"total":1.4979448,"children":null},"RequestDecision":{"count":670737,"self":8.0324856,"total":1393.7984195,"children":{"AgentInfo.ToProto":{"count":670737,"self":7.5553567999999993,"total":1385.7659337999999,"children":{"GenerateSensorData":{"count":670737,"self":49.7342624,"total":1378.2105772,"children":{"CameraSensor.GetCompressedObservation":{"count":670737,"self":1328.4763647999998,"total":1328.4763142,"children":null}}}}}}}}},"DecideAction":{"count":3353684,"self":7468.4317696,"total":7468.4321267,"children":null},"AgentAct":{"count":3353684,"self":33.4698624,"total":33.5038015,"children":{"AgentInfo.ToProto":{"count":18,"self":0.00099779999999999986,"total":0.03394,"children":{"GenerateSensorData":{"count":18,"self":0,"total":0.0329422,"children":{"CameraSensor.GetCompressedObservation":{"count":18,"self":0.0329422,"total":0.0329422,"children":null}}}}}}},"AgentInfo.ToProto":{"count":2677,"self":0.0349562,"total":5.3789323,"children":{"GenerateSensorData":{"count":2677,"self":0.2466417,"total":5.3439761,"children":{"CameraSensor.GetCompressedObservation":{"count":2677,"self":5.0973343999999994,"total":5.0973343999999994,"children":null}}}}}},"gauges":{"MLAgentRacingProjectCamera.CumulativeReward":{"count":2695,"max":25.7624645,"min":-314.5938,"runningAverage":10.31913,"value":18.6184959,"weightedAverage":19.72042}},"metadata":{"timer_format_version":"0.1.0","start_time_seconds":"1629870131","unity_version":"2021.1.16f1","command_line_arguments":"C:\\Program Files\\Unity\\Hub\\Editor\\2021.1.16f1\\Editor\\Unity.exe -projectpath D:\/Github\/CarMLAgentRay -useHub -hubIPC -cloudEnvironment production -hubSessionId f403d690-0544-11ec-b1b3-2f2826d6f663","communication_protocol_version":"1.5.0","com.unity.ml-agents_version":"2.1.0-exp.1","scene_name":"SampleScene","end_time_seconds":"1629882421"}}